ID,DAM,LAKE,STREAM,CAPACITY (AF),Lat,Long
APN,Alpine,Alpine Lake,Lagunitas Creek,8892,37.94,-122.637,https://en.wikipedia.org/wiki/Alpine_Lake_(Marin_County,_California)
ANT,Antelope,Antelope,Indian Creek,22566,40.18,-120.607,https://en.wikipedia.org/wiki/Antelope_Dam_(California)
AST,Austrian,Lake Austrian,Los Gatos Creek,6200,37.132,-121.93,https://en.wikipedia.org/wiki/Lake_Elsman
BRT,Barrett,Barrett Lake,Cottonwood Creek,34805,32.678,-116.669,https://en.wikipedia.org/wiki/Barrett_Dam
BAR,Bear,Bear Reservoir,Bear Creek,7700,37.367,-120.217
BRV,Bear Valley,Big Bear Lake,Bear Creek,74000,34.242,-116.978
BRD,Beardsley,Beardsley Lake,M Fork Stanislaus River,97800,38.203,-120.075
BTH,Bethany Forebay,Bethany Forebay,Delta,5250,37.785,-121.617
BLB,Black Butte,Black Butte Lake,Stony Creek,143700,39.808,-122.329
BOC,Boca,Boca Reservoir,Little Truckee River,40870,39.388,-120.095
BMP,Bon Tempe,Bon Tempe Reservoir,Lagunitas Creek,4300,37.957,-122.61
BQC,Bouquet Canyon,Bouquet Reservoir,Bouquet Creek,36505,34.586714,-118.395314
BWN,Bowman,Bowman Lake,Canyon Creek,68510,39.45,-120.652
BWS,Bowman Spaulding Diversion,Lake Spaulding System,Yuba River,144591,39.441,-120.658
BDP,Bridgeport,Bridgeport Reservoir,E Fork Walker River,44100,38.325,-119.211
BIO,Briones,Briones Lake,Bear Creek,67520,37.9151,-122.207
BHC,Brush Creek,Brush Creek Reservoir,Brush Creek,1530,38.805,-120.62
BUC,Buchanan,Eastman Lake,Chowchilla River,150000,37.213,-119.97
BIL,Buck Island,Buck Island Lake,Little Rubicon Creek,1070,39.001,-120.25
BCL,Bucks,Bucks Lake,Bucks Creek,103000,39.897,-121.202
BTV,Butt Valley,Butt Valley Reservoir,Butt Creek,49930,40.14802,-121.174174
CCH,Cachuma,Cachuma Lake,Santa Ynez,193305,34.583,-119.98
CVE,Calaveras,Calaveras Reservoir,Calaveras Creek,100000,37.492,-121.818
CRO,Calero,Calero Reservoir,Calero Creek,9738,37.183,-121.792
CMN,Camanche,Camanche Reservoir,Mokelumne River,417120,38.225,-121.021
CMI,Camino,Camino Reservoir,Silver Creek,275,38.833,-120.533
CFW,Camp Far West,Camp Far West,Bear River,104500,39.049858,-121.315941
ALM,Canyon,Lake Almanor,N Fork Feather River,1308000,40.218,-121.173
CPL,Caples,Caples Lake,Silver Fork American River,22340,38.707,-120.048
CSI,Casitas,Lake Casitas,Casitas Creek,238000,34.373,-119.332
CAS,Castaic,Castaic Lake,Castaic Creek,325000,34.5152,-118.6101
SLW,Cedar Springs,Lake Silverwood,Mojave River,78000,34.304,-117.318
CHB,Chabot,Lake Chabot,San Leandro Creek,10281,37.73,-122.122
CHV,Cherry Valley,Cherry Lake,Cherry Creek,273500,37.967,-119.917
JNN,Chet Harrit,Lake Jennings,Quail Canyon Creek,9790,32.854,-116.892
CLK,Clear Lake,Clear Lake,Lost Creek,526800,41.927,-121.075
CLA,Clear Lake Imp,Clear Lake,Cache Creek,313000,38.957,-122.642
CLC,Clifton Court Forebay,Clifton Court Forebay,Old River,29000,37.8298,-121.5574
CGS,Cogswell,Cogswell Reservoir,W Fork San Gabriel River,10438,34.245,-117.965
CMB,Combie,Lake Combie,Bear River,5555,39.017,-121.05
HNN,Conn Creek,Lake Hennessey,Conn Creek,31000,38.482,-122.372
CTG,Courtright,Helms Creek,Helms Creek,123300,37.072,-118.967
CYC,Coyote,Coyote Reservoir,Coyote Creek,22541,37.118,-121.549
COY,Coyote Valley,Lake Mendocino,Russian River,122400,39.197,-123.186
CNV,Crane Valley Storage,Crane Valley Lake,N Fork San Joaquin River,45410,37.283,-119.517
CUY,Cuyamaca,Cuyamaca Lake,Boulder Creek,11740,32.99,-116.587
MHV,Davis,Lake Mohave,Colorado River,1810000,35.197,-114.567
DLV,Del Valle,Lake Del Valle,Arroyo Valle,77100,37.614,-121.745
DMV,Diamond Valley,Diamond Valley Lake,Domenigoni Valley Creek,810000,33.67,-117.066
DNP,Don Pedro,New Don Pedro Reservoir,Tuolumne River,2030000,37.702,-120.421
DON,Donnells,Donnells Reservoir,M Fork Stanislaus,64320,38.329,-119.96
DNN,Donner,Donner Lake,Truckee River,9700,39.322777,-120.2644
DNL,Donner,Donner Lake,Truckee River,10300,39.324,-120.233
DRE,Dwinnell,Lake Shastina,Shasta River,50000,41.540894,-122.37455
EPK,East Park,East Park Reservoir,Stony Creek,51000,39.367,-122.517
ELC,El Capitan,El Capitan Reservoir,San Diego River,112807,32.882,-116.808
ENR,Eleanor,Lake Eleanor,Tuolumne River,28600,37.974,-119.88
EJC,Elmer J Chesbro,Chesbro Reservoir,Llagas Creek,7967,37.117,-121.6935
ENG,Englebright Narrows,Englebright Lake,Yuba River,70000,39.239,-121.267
FRM,Farmington,Farmington Lake,Littlejohn Creek,52000,37.915,-120.935
FLR,Florence,Florence Lake,S Fork San Joaquin River,64406,37.267,-118.967
FOL,Folsom,Folsom Lake,American River,977000,38.683,-121.183
FRL,French Lake,French Lake,Canyon Creek,13940,39.44,-120.544
FMD,French Meadows,French Meadows Reservoir,M Fork American,136400,39.112,-120.468
FRD,Frenchman,Frenchman Lake,Little Last Chance Creek,55477,39.883,-120.183
MIL,Friant,Millerton Lake,San Joaquin River,520500,37.001,-119.705
GLK,Gem Lake,Gem Lake,Rush Creek,17228,37.752,-119.14
GBR,Gerber,Gerber Lake,Klamath River,94720,42.205,-121.13
GLL,Gerle Lake,Gerle Lake,Gerle Creek,1200,38.969167,-120.393056
GBL,Gibraltar,Gibraltar Lake,Santa Ynez River,9998,34.526,-119.686
PWL,Glen Canyon,Lake Powell,Colorado River,24322000,36.937,-111.493
GDW,Goodwin,Goodwin Reservoir,Stanislaus River,500,37.8628,-120.6297
GNT,Grant Lake,Grant Lake,Rush Creek,47525,37.862,-119.102
DAV,Grizzly Valley,Lake Davis,Big Grizzly Creek,83000,39.883,-120.467
GDR,Guadalupe,Guadalupe Reservoir,Guadalupe Creek,3320,37.1997,-121.8814
HWE,Haiwee,Haiwee Reservoir,Rose Valley,46600,36.137,-117.948
HNS,Henshaw,Lake Henshaw,San Luis Rey River,50000,33.24,-116.762
HID,Hidden,Hensley Lake,Fresno River,90000,37.109559,-119.885255
MEA,Hoover,Lake Mead,Colorado River,26159008,36.016,-114.736
HNT,Huntington,Huntington Lake,San Joaquin River,89800,37.22757,-119.220482
ICH,Ice House,Ice House Reservoir,S Fork Silver Creek,43496,38.824,-120.359
INP,Independence,Independence Lake,Independence Creek,17295,39.452,-120.29
INL,Independence,Independence Lake,Independence Creek,17500,39.45,-120.283
MMW,Indian Ole,Mountain Meadows,N Fork Feather River Tributary,24800,40.283,-121.017
INV,Indian Valley,Indian Valley Reservoir,Cache Creek Tributary,300000,39.083,-122.533
IRC,Iron Canyon,Iron Canyon Reservoir,Pit River Tribuatary,24300,41.045,-121.981
ISB,Isabella,Lake Isabella,Kern River,568000,35.646,-118.473
JCK,Jackson Meadows,Jackson Meadows Res,M Fork Yuba River,69205,39.509,-120.552
ATN,James H Turner,Lake San Antonio,Salinas River Tributary,331060,35.798,-120.883
LNG,James J Lenihan,Lexington Reservoir,Los Gatos Creek,18534,37.202,-121.988
JML,Juncal,Jameson Lake,Santa Ynez River,4968,34.492,-119.507
JNC,Junction,Junction Reservoir,Silver Creek,3250,38.853,-120.453
KNT,Kent,Kent Lake,Lagunitas Creek,32900,37.997,-122.702
KKR,Kerckhoff,Kerckhoff Reservoir,San Joaquin,4200,37.12811,-119.52553
KES,Keswick,Keswick Reservoir,Sacramento River,23772,40.612104,-122.445699
LGR,La Grange,La Grange Reservoir,Tuolumne River,500,37.667,-120.462
LFY,Lafayette,Lafayette,Lafayette Creek,4250,37.885,-122.138
LGT,Lagunitas,Lagunitas Lake,Lagunitas Creek,341,37.947,-122.597
LEA,Lake Alpine,Lake Alpine,Silver Creek,4600,38.47139,-120.002777
LKF,Lake Fordyce near Cisco,Lake Fordyce,Fordyce Creek,48900,39.37889,-120.49444
HMT,Lake Hemet,Lake Hemet,San Jacinto River,14000,33.666,-116.705
HDG,Lake Hodges,Lake Hodges,San Dieguito River,30251,33.046,-117.128
LVD,Lake Loveland,Lake Loveland,Sweetwater River,25400,32.779,-116.792
THC,Lake Tahoe,Lake Tahoe,Truckee River,732000,39.182,-120.119
LVY,Lake Valley,Lake Valley Reservoir,N Fork American River,8127,39.3,-120.583
LRA,Leroy Anderson,Anderson Reservoir,Coyote Creek,89278,37.165,-121.632
LEW,Lewiston,Lewiston Lake,Trinity River,14660,40.727,-122.793
LGV,Little Grass Valley,Little Grass Valley Reservoir,S Fork Feather River,93010,39.724,-121.019
LRK,Littlerock,Littlerock Reservoir,Littlerock Creek,4600,34.485,-118.022
CRW,Long Valley,Lake Crowley,Owens River,183465,37.604,-118.707
LON,Loon Lake,Loon Lake,Rubicon River Tributary,69306,38.983,-120.323
LOP,Lopez Lake,Lopez Lake,Arroyo Grande Creek,49388,35.188,-120.487
LBS,Los Banos,Los Banos Reservoir,San Joaquin River,34600,36.994,-120.93
LVQ,Los Vaqueros,Los Vaqueros Reservoir,Kellogg Creek,160000,37.838,-121.726
LWB,Lower Bear River,Lower Bear Reservoir,Bear River,48750,38.538,-120.257
CRY,Lower Crystal Springs,Crystal Springs Reservoir,San Mateo Creek,68865,37.515278,-122.355833
HHL,Lower Hell Hole,Hell Hole Reservoir,Rubicon River,207600,39.058,-120.407
LYS,Lyons,Lyons Reservoir,S Fork Stanislaus River,6228,38.094,-120.166
SWB,Main Strawberry,Pinecrest Lake,S Fork Stanislaus,18312,38.2,-119.983
MPL,Mammoth Pool,Mammoth Pool Reservoir,San Joaquin River,123000,37.329,-119.328
MAR,Mariposa Creek,Mariposa Creek Dam,Mariposa Creek,15000,37.292,-120.147
EDN,Mark Edson,Stumpy Meadows Lake,Rubicon River,20000,38.903,-120.603
MRT,Martis Creek,Martis Creek Reservoir,Martis Creek,20400,39.327,-120.113
MAT,Matilija,Matilija Reservoir,Matilija Creek,1800,34.486,-119.307
MHW,Matthews,Lake Matthews,De Luz Creek Tributary,179300,33.833,-117.46
MCO,McCloud,McCloud Reservoir,McCloud River,35300,41.135,-122.074
MCS,McSwain,Lake McSwain,Merced River,9730,37.52,-120.309
MMR,Miramar,Lake Miramar,San Diego River,6682,32.915454,-117.098879
MDO,Modesto Reservoir,Modesto Reservoir,Tuolumne River,29000,37.657,-120.675
BER,Montecello,Lake Berryessa,Putah Creek,1602000,38.513,-122.104
MOR,Morena,Morena Lake,Cottonwood Creek,50694,32.683,-116.55
MRR,Murray,Murray Reservoir,Chaparral Canyon,4684,32.782,-117.047
NCM,Nacimiento,Lake Nacimiento,Nacimiento River,382770,35.758,-120.884
NAT,Natoma,Lake Natoma,American River,9000,38.636145,-121.220039
BUL,New Bullards Bar,New Bullards Bar Reservoir,N Fork Yuba River,966000,39.393,-121.14
MCR,New Exchequer,Lake McClure,Merced River,1024600,39.282206,-123.300137
EXC,New Exchequer,Lake McClure,Merced River,1024600,37.585,-120.27
NHG,New Hogan,New Hogan Lake,Calaveras River,317000,38.152,-120.812
NML,New Melones,New Melones Reservoir,Stanislaus River,2400000,37.9481,-120.525,https://en.wikipedia.org/wiki/New_Melones_Lake
SPM,New Spicer Meadow,New Spicer Meadow Reservoir,N Fork Stanislaus River,189000,38.393333,-119.9969
NWL,Newell Creek,Loch Lomond Reservoir,Newell Creek,8991,37.103,-122.072
NCA,Nicasio,Nicasio Reservoir,Nicasio Creek,22400,38.075,-122.757
ONF,O Neill Forebay,O'Neill Forebay,San Luis Creek,56400,37.067,-121.067
HTH,O Shanessey,Hetch-Hetchy Reservoir,Tuolumne River,360000,37.95,-119.783
OLH,Olivenhain,Olivenhain Reservoir,Escondido Creek,24000,33.074044,-117.138333
ORO,Oroville,Lake Oroville,Feather River,3424753,39.54,-121.493,https://en.wikipedia.org/wiki/Lake_Oroville
LOT,Otay,Lower Otay,Otay River,49849,32.609,-116.927
OWN,Owens Creek,Owens Creek Dam,Owens Creek,3600,37.282,-120.187
PAR,Pardee,Pardee Reservoir,Mokelumne River,203795,38.25,-120.85
HVS,Parker Dam,Lake Havasu,Colorado River,648000,34.317,-114.156
PRR,Perris,Lake Perris,none,131452,33.858,-117.183
PNF,Pine Flat,Pine Flat Dam,Kings River,1000000,36.833,-119.325
PT6,Pit 6 Reservoir,Pit 6 Reservoir,Pit River,15890,40.923,-121.994
PT7,Pit 7 Reservoir,Pit 7 Reservoir,Pit River,34610,40.8494,-121.99065
BIT,Pit Number 3,Lake Britton,Pit River,40620,41.022,-121.676
PVP,Potter Valley PH,none,EF Russian River,null,39.367,-123.133
PRA,Prado,Prado Reservoir,Santa Ana River,314400,33.89,-117.643
PRS,Prosser,Prosser Reservoir,Prosser Creek,29800,39.3794,-120.1367
PYM,Pyramid,Pyramid Lake,Piru Creek,180000,34.644153,-118.764528
QUL,Quail,Quail Lake,none,5654,34.771605,-118.746191
RLC,Railroad Canyon,Railroad Canyon Reservoir,San Jacinto River,11847,33.675,-117.272
RDN,Redinger,Redinger Lake,San Joaquin River,35000,37.145,-119.449
RLF,Relief,Relief Reservoir,M Fork Stanislaus River,15554,38.267,-119.733
RLL,Rollins,Rollins Reservoir,Bear River,66000,39.135,-120.948
RBL,Rubicon Lake,Rubicon Lake,Rubicon River,1450,38.967,-120.217
RTD,Ruth,Ruth Lake,Mad River,61000,40.367,-123.433
SDB,Saddlebag,Saddlebag Lake,Lee Vining Creek,9465,37.966,-119.272
SLN,Salinas,Santa Margarita Lake,Salinas River,26000,35.333,-120.502
SLS,Salt Springs,Salt Springs Reservoir,N Fork Mokelumne River,141900,38.497,-120.216
SNN,San Andreas,San Andreas Lake,San Mateo Creek Tributary,19027,37.580161,-122.413281
SAT,San Antonio,San Antonio Reservoir,Alameda Creek Tributary,50500,37.573,-121.848
SGB,San Gabriel No. 1,San Gabriel Reservoir,San Gabriel,44440,34.207,-117.858
LUS,San Luis,San Luis Reservoir (SWP),San Luis Creek,1062000,37.001,-121.002
SLF,San Luis,San Luis Reservoir (CVP),San Luis Creek,971000,37.001,-121.002
SNL,San Luis,San Luis Reservoir,San Luis Creek,2041000,37.033,-121.133,https://en.wikipedia.org/wiki/San_Luis_Reservoir
SPB,San Pablo,San Pablo Reservoir,San Pablo,43193,37.9423,-122.2587
SVT,San Vicente,San Vicente Reservoir,San Vicente Creek,249358,32.912,-116.924
PRU,Santa Felicia,Lake Piru,Piru Creek,83244,34.461,-118.751
SGC,Santiago Creek,Irvine Lake,Santiago Creek,25000,33.785,-117.723
LPY,Scott Dam,Lake Pillsbury,Eel River,80500,39.4083,-122.9583
SCD,Scott Dam,Lake Pillsbury,Eel River,80500,39.4083,-122.9586
SFL,Scotts Flat,Scotts Flat Reservoir,Deer Creek,49000,39.274,-120.917
SVO,Seven Oaks Reservoir,Seven Oaks Reservoir,Santa Ana River,145600,34.1178,-117.0978
SHA,Shasta,Lake Shasta,Sacramento River,4552000,40.718,-122.42,https://en.wikipedia.org/wiki/Shasta_Lake
SHV,Shaver,Shaver Lake,San Joaquin River,135283,37.145,-119.302
SIV,Silver,Silver Lake,Silver Fork American River,8640,38.669,-120.121
SKN,Skinner Clearwell,Skinner Lake,none,43800,33.583,-117.072
SLB,Slab Creek,Slab Creek Reservoir,S Fork American River,16600,38.7725,-120.6994
SLC,Sly Creek,Sly Creek Reservoir,Lost Creek,65050,39.584,-121.116
JNK,Sly Park,Jenkinson Lake,Cosumnes River,41000,38.713,-120.56
SOL,Solano,Lake Solano,Putah Creek,720,38.5,-122.0
SLJ,Soulajule,Soulajule,San Francisco Bay,10700,38.153,-122.782
SKR,South Lake,South Lake,Bishop Creek,12900,37.16602,-118.56954
SLK,South Lake,South Lake,Bishop Creek,12900,37.175903,-118.56266
SPG,Spaulding,Spaulding Lake,S Fork Yuba River,74773,39.329,-120.641
SPC,Spring Creek,Spring Creek Debris Dam,Spring Creek,5874,40.629,-122.474
STP,Stampede,Stampede Lake,Little Truckee River,226500,39.471,-120.103
SWV,Statewide Storage Estimate 154,Total,none,38102000,38.582,-121.5
SEC,Stevens Creek,Stevens Creek Reservoir,Stevens Creek,3056,37.298,-122.077
STG,Stony Gorge,Stony Gorge Reservoir,Stony Creek,50000,39.583,-122.533
SCC,Success,Lake Success,Tule River,82300,36.056667,-118.924167
STD,Sutherland,Sutherland Lake,Santa Ysabel Creek,29508,33.118,-116.787
SW3,Sweetwater,Sweetwater Reservoir,Sweetwater Creek,27700,32.692,-117.007
TRM,Terminus,Lake Kaweah,Kaweah River,185600,36.415,-119.002
TAB,Thermalito Afterbay,Thermalito Afterbay,Feather River,57041,39.45,-121.633
THD,Thermalito Diversion Pool,Thermalito Diversion Pool,Feather River,13328,39.528,-121.543
TFR,Thermalito Forebay,Thermalito Forebay,Feather River,11768,39.519,-121.629
TMT,Thermalito System Total,Thermalito System,Feather River,81264,39.458,-121.638
TNM,Tinemaha,Tinemaha Reservoir,Owens River,16405,37.058,-118.225
CLE,Trinity,Trinity Lake,Trinity River,2447650,40.801,-122.762,https://en.wikipedia.org/wiki/Trinity_Lake
TUL,Tulloch,Tulloch Reservoir,Stanislaus River,67000,37.875,-120.603
TLC,Turlock,Turlock Lake,Tuolumne River,45600,37.6,-120.583
TWT,Twitchell,Twitchell Reservoir,Cuyama River,240000,34.983,-120.317
UNV,Union Valley,Union Valley Reservoir,S Fork American River,266369,38.864,-120.438
KLM,Upper Klamath,Upper Klamath,Klamath River,515615,42.25,-121.815
SJT,Upper San Joaquin R Total,null,San Joaquin River,617300,99.999,-999.999
USL,Upper San Leandro,Upper San Leandro Reservoir,Alameda Creek,37960,37.7644,-122.1016
UTI,Utica,Utica Reservoir,NF Stanislaus River,2400,38.440277,-120.00222
UVA,Uvas,Uvas Reservoir,Uvas Creek,9688,37.067,-121.69
VIL,Vail,Vail Reservoir,Temecula Creek,51000,33.496,-116.976
VAR,Van Arsdale,Van Arsdale Reservoir,Eel River,700,39.3839,-123.1025
TAE,Vermilion Valley,Thomas A. Edison,S Fork San Joaquin River,125000,37.37,-118.987
EDS,Vermillion Valley,Thomas A. Edison Lake,S Fork San Joaquin River,125000,34.1585,-117.5138
VLP,Villa Park,Villa Park Reservoir,Santiago Creek,15600,33.815,-117.832
WRS,Warm Springs,Lake Sonoma,Russian River,381000,38.723,-123.01
WHR,Whale Rock,Whale Rock Lake,Old Creek,38967,35.45,-120.883
WHI,Whiskeytown,Whiskeytown Lake,Clear Creek,241100,40.598,-122.537
WSN,Wishon,Lake Wishon,Helms Creek,128300,37.005,-118.969
